value,count,percentage
Neutral,84,0.22105263157894736
Accusative,212,0.5578947368421052
Ergative,19,0.05
Active,26,0.06842105263157895
Hierarchical,11,0.02894736842105263
Split,28,0.07368421052631578
