value,count,percentage
No person marking,82,0.21693121693121692
Only the A argument,73,0.1931216931216931
Only the P argument,24,0.06349206349206349
A or P argument,6,0.015873015873015872
Both the A and P arguments,193,0.5105820105820106
