value,count,percentage
No reciprocals,16,0.09142857142857143
Distinct from reflexive,99,0.5657142857142857
Mixed,16,0.09142857142857143
Identical to reflexive,44,0.25142857142857145
