value,count,percentage
Present,162,0.4343163538873995
Absent,211,0.5656836461126006
