value,count,percentage
productive,24,0.12903225806451613
partially productive,14,0.07526881720430108
not productive,2,0.010752688172043012
no antipassive,146,0.7849462365591398
