value,count,percentage
Implicit patient,18,0.09278350515463918
Oblique patient,30,0.15463917525773196
No antipassive,146,0.7525773195876289
