value,count,percentage
Instrument,17,0.09289617486338798
Locative,18,0.09836065573770492
Instrument and locative,12,0.06557377049180328
No other roles (= Only benefactive),36,0.19672131147540983
No applicative construction,100,0.546448087431694
