value,count,percentage
Contrast present,64,0.26229508196721313
Contrast absent,180,0.7377049180327869
