value,count,percentage
Sequential but no purposive,35,0.2966101694915254
Purposive but no sequential,68,0.576271186440678
Both,15,0.1271186440677966
