value,count,percentage
Symmetric,114,0.3838383838383838
Asymmetric,53,0.17845117845117844
Both,130,0.4377104377104377
