value,count,percentage
Locational,48,0.2
Genitive,22,0.09166666666666666
Topic,48,0.2
Conjunctional,59,0.24583333333333332
'Have',63,0.2625
