value,count,percentage
Verbal encoding,151,0.3911917098445596
Nonverbal encoding,132,0.34196891191709844
Mixed,103,0.266839378238342
