value,count,percentage
Different,269,0.6968911917098446
Identical,117,0.30310880829015546
