value,count,percentage
None,525,0.9341637010676157
High and mid,23,0.04092526690391459
High only,8,0.014234875444839857
Mid only,6,0.010676156583629894
