value,count,percentage
Impossible,211,0.5466321243523317
Possible,175,0.4533678756476684
