value,count,percentage
Locational,78,0.46706586826347307
Exceed,33,0.19760479041916168
Conjoined,34,0.20359281437125748
Particle,22,0.1317365269461078
