value,count,percentage
Relative pronoun,12,0.07228915662650602
Non-reduction,24,0.14457831325301204
Pronoun-retention,5,0.030120481927710843
Gap,125,0.7530120481927711
