value,count,percentage
Relative pronoun,13,0.11607142857142858
Non-reduction,14,0.125
Pronoun-retention,20,0.17857142857142858
Gap,55,0.49107142857142855
Not possible,10,0.08928571428571429
