value,count,percentage
Balanced,38,0.2235294117647059
Balanced/deranked,30,0.17647058823529413
Deranked,102,0.6
