value,count,percentage
Balanced,84,0.4827586206896552
Balanced/deranked,39,0.22413793103448276
Deranked,51,0.29310344827586204
