value,count,percentage
Balanced,90,0.5325443786982249
Balanced/deranked,37,0.21893491124260356
Deranked,42,0.2485207100591716
