value,count,percentage
Balanced,114,0.7972027972027972
Balanced/deranked,18,0.1258741258741259
Deranked,11,0.07692307692307693
