value,count,percentage
Identical,228,0.3695299837925446
Different,389,0.6304700162074555
