value,count,percentage
Simple,61,0.12551440329218108
Moderately complex,274,0.5637860082304527
Complex,151,0.31069958847736623
