value,count,percentage
Identical,72,0.12141652613827993
Different,521,0.8785834738617201
