value,count,percentage
None,1,0.02857142857142857
One,3,0.08571428571428572
Some (2-5),10,0.2857142857142857
Many (more than 5),21,0.6
