value,count,percentage
No tones,307,0.5825426944971537
Simple tone system,132,0.2504743833017078
Complex tone system,88,0.16698292220113853
