value,count,percentage
None,25,0.6578947368421053
One,9,0.23684210526315788
More than one,4,0.10526315789473684
