value,count,percentage
Logical meanings,47,0.32867132867132864
Affective meanings,71,0.4965034965034965
Other or none,25,0.17482517482517482
