value,count,percentage
NegV,681,0.5143504531722054
[Neg-V],230,0.17371601208459214
NegV&[Neg-V],23,0.017371601208459216
None,390,0.2945619335347432
