value,count,percentage
VNeg,288,0.2175226586102719
[V-Neg],307,0.23187311178247735
VNeg&[V-Neg],18,0.013595166163141994
None,711,0.5370090634441088
