value,count,percentage
NegTone,7,0.005287009063444109
NegInfix,2,0.0015105740181268882
NegStemChange,1,7.552870090634441e-4
None,1314,0.9924471299093656
