value,count,percentage
NoDoubleNeg,19,0.04523809523809524
OptDoubleNeg,1,0.002380952380952381
OnlyWithAnotherNeg,8,0.01904761904761905
No NegSVO,392,0.9333333333333333
