value,count,percentage
NoDoubleNeg,25,0.061274509803921566
OptDoubleNeg,4,0.00980392156862745
OnlyWithAnotherNeg,11,0.02696078431372549
No SNegOV,368,0.9019607843137255
