value,count,percentage
NoDoubleNeg,2,0.013245033112582781
OptDoubleNeg,1,0.006622516556291391
OnlyWithAnotherNeg,4,0.026490066225165563
No clause-final neg,144,0.9536423841059603
