value,count,percentage
NoDoubleNeg,95,0.21300448430493274
OptDoubleNeg,12,0.026905829596412557
OnlyWithAnotherNeg,35,0.07847533632286996
No SVONeg,304,0.6816143497757847
