value,count,percentage
NoDoubleNeg,18,0.04411764705882353
OptDoubleNeg,1,0.0024509803921568627
OnlyWithAnotherNeg,8,0.0196078431372549
No NegSOV,381,0.9338235294117647
