value,count,percentage
Trochaic,153,0.47368421052631576
Iambic,31,0.09597523219814241
Dual: both trochaic and iambic,4,0.01238390092879257
Undetermined,37,0.11455108359133127
No rhythmic stress,98,0.30340557275541796
