value,count,percentage
Small,89,0.15808170515097691
Moderately small,122,0.216696269982238
Average,201,0.35701598579040855
Moderately large,94,0.1669626998223801
Large,57,0.10124333925399645
