value,count,percentage
Monoexponential case,71,0.4382716049382716
Case + number,8,0.04938271604938271
Case + referentiality,6,0.037037037037037035
Case + TAM,2,0.012345679012345678
No case,75,0.46296296296296297
