value,count,percentage
Head marking,71,0.3008474576271186
Dependent marking,63,0.2669491525423729
Double marking,58,0.2457627118644068
No marking,42,0.17796610169491525
Other,2,0.00847457627118644
