value,count,percentage
Head marking,78,0.3305084745762712
Dependent marking,98,0.4152542372881356
Double marking,22,0.09322033898305085
No marking,32,0.13559322033898305
Other,6,0.025423728813559324
