value,count,percentage
Head-marking,47,0.19915254237288135
Dependent-marking,46,0.19491525423728814
Double-marking,16,0.06779661016949153
Zero-marking,6,0.025423728813559324
Inconsistent or other,121,0.5127118644067796
