value,count,percentage
Zero-marking,16,0.06808510638297872
Non-zero marking,219,0.9319148936170213
