value,count,percentage
No case marking,123,0.6212121212121212
Core cases only,18,0.09090909090909091
Core and non-core,22,0.1111111111111111
No syncretism,35,0.17676767676767677
