value,count,percentage
No subject person/number marking,57,0.2878787878787879
Syncretic,60,0.30303030303030304
Not syncretic,81,0.4090909090909091
