value,count,percentage
Small (2-4),93,0.16489361702127658
Average (5-6),287,0.5088652482269503
Large (7-14),184,0.3262411347517731
