value,count,percentage
None,145,0.5642023346303502
Two,50,0.19455252918287938
Three,26,0.10116731517509728
Four,12,0.04669260700389105
Five or more,24,0.0933852140077821
