value,count,percentage
No gender,145,0.5642023346303502
Sex-based,84,0.32684824902723736
Non-sex-based,28,0.10894941634241245
