value,count,percentage
No gender,145,0.5642023346303502
Semantic,53,0.20622568093385213
Semantic and formal,59,0.22957198443579765
