value,count,percentage
Low,58,0.10283687943262411
Moderately low,101,0.17907801418439717
Average,234,0.4148936170212766
Moderately high,102,0.18085106382978725
High,69,0.12234042553191489
