value,count,percentage
Identical,143,0.7114427860696517
Different stem,37,0.18407960199004975
Different inflection,21,0.1044776119402985
