value,count,percentage
Interrogative-based,194,0.5950920245398773
Generic-noun-based,85,0.2607361963190184
Special,22,0.06748466257668712
Mixed,23,0.0705521472392638
Existential construction,2,0.006134969325153374
