value,count,percentage
Identical,94,0.5595238095238095
Differentiated,74,0.44047619047619047
