value,count,percentage
No adpositions,63,0.16666666666666666
No person marking,209,0.5529100529100529
Pronouns only,83,0.21957671957671956
Pronouns and nouns,23,0.06084656084656084
