value,count,percentage
No morphological case-marking,100,0.3831417624521073
2 cases,23,0.08812260536398467
3 cases,9,0.034482758620689655
4 cases,9,0.034482758620689655
5 cases,12,0.04597701149425287
6-7 cases,37,0.1417624521072797
8-9 cases,23,0.08812260536398467
10 or more cases,24,0.09195402298850575
Exclusively borderline case-marking,24,0.09195402298850575
