value,count,percentage
No voicing contrast,182,0.32098765432098764
In plosives alone,189,0.3333333333333333
In fricatives alone,38,0.06701940035273368
In both plosives and fricatives,158,0.2786596119929453
