value,count,percentage
Identity,76,0.2360248447204969
Differentiation,213,0.6614906832298136
Mixed,33,0.10248447204968944
