value,count,percentage
Possessive prefixes,255,0.2827050997782705
Possessive suffixes,355,0.39356984478935697
Prefixes and suffixes,32,0.03547671840354767
No possessive affixes,260,0.28824833702882485
