value,count,percentage
Exists,43,0.1762295081967213
Absent,201,0.8237704918032787
