value,count,percentage
None reported,233,0.9588477366255144
One,3,0.012345679012345678
Two to four,4,0.01646090534979424
Five or more,3,0.012345679012345678
