value,count,percentage
No possessive classification,125,0.51440329218107
Two classes,94,0.3868312757201646
Three to five classes,20,0.0823045267489712
More than five classes,4,0.01646090534979424
