value,count,percentage
Other,242,0.42680776014109345
None missing in /p t k b d g/,255,0.4497354497354497
Missing /p/,33,0.0582010582010582
Missing /g/,34,0.059964726631393295
Both missing,3,0.005291005291005291
