value,count,percentage
Identity,161,0.5348837209302325
Differentiation,125,0.4152823920265781
Both expressed by juxtaposition,15,0.04983388704318937
