value,count,percentage
From possessive,7,0.03153153153153153
"From 'finish', 'already'",21,0.0945945945945946
Other perfect,80,0.36036036036036034
No perfect,114,0.5135135135135135
