value,count,percentage
None,470,0.8289241622574955
Uvular stops only,38,0.06701940035273368
Uvular continuants only,11,0.019400352733686066
Uvular stops and continuants,48,0.08465608465608465
