value,count,percentage
Affixes on verbs,63,0.2692307692307692
Verbal constructions,158,0.6752136752136753
Other kinds of markers,13,0.05555555555555555
