value,count,percentage
No grammatical evidentials,181,0.43301435406698563
Indirect only,166,0.39712918660287083
Direct and indirect,71,0.16985645933014354
