value,count,percentage
Tense,36,0.18652849740932642
Aspect,10,0.05181347150259067
Tense and aspect,24,0.12435233160621761
None,123,0.6373056994818653
