value,count,percentage
SV,1193,0.7969271877087508
VS,194,0.1295925183700735
No dominant order,110,0.07348029392117568
