value,count,percentage
OV,713,0.46938775510204084
VO,705,0.4641211323238973
No dominant order,101,0.06649111257406189
