value,count,percentage
Postpositions,576,0.48689771766694845
Prepositions,511,0.4319526627218935
Inpositions,8,0.006762468300929839
No dominant order,58,0.04902789518174133
No adpositions,30,0.0253592561284869
