value,count,percentage
Genitive-Noun,685,0.5484387510008006
Noun-Genitive,468,0.37469975980784626
No dominant order,96,0.07686148919135308
