value,count,percentage
Adjective-Noun,373,0.2730600292825769
Noun-Adjective,878,0.6427525622254758
No dominant order,110,0.08052708638360176
Only internally-headed relative clauses,5,0.0036603221083455345
