value,count,percentage
Numeral-Noun,479,0.41543798785776237
Noun-Numeral,607,0.5264527320034692
No dominant order,65,0.05637467476149176
Numeral only modifies verb,2,0.0017346053772766695
