value,count,percentage
Degree word-Adjective,227,0.47193347193347196
Adjective-Degree word,192,0.3991683991683992
No dominant order,62,0.1288981288981289
