value,count,percentage
Initial interrogative phrase,264,0.2926829268292683
Not initial interrogative phrase,615,0.6818181818181818
Mixed,23,0.025498891352549888
