value,count,percentage
OV and RelN,132,0.15017064846416384
OV and NRel,113,0.1285551763367463
VO and RelN,5,0.005688282138794084
VO and NRel,416,0.4732650739476678
Other,213,0.24232081911262798
