value,count,percentage
OV and AdjN,216,0.1641337386018237
OV and NAdj,332,0.25227963525835867
VO and AdjN,114,0.08662613981762918
VO and NAdj,456,0.3465045592705167
Other,198,0.15045592705167174
