value,count,percentage
Initial velar nasal,147,0.31343283582089554
No initial velar nasal,87,0.18550106609808104
No velar nasal,235,0.5010660980810234
